{
    "ca-sandi_auths": {
        "35": 0.0018207282913165264,
        "1": 0.0,
        "37": 0.0,
        "18": 0.0,
        "2": 0.0,
        "26": 0.0007469654528478058,
        "32": 0.0,
        "33": 0.007096171802054154,
        "66": 0.00028011204481792715,
        "76": 0.0,
        "7": 0.0012605042016806721,
        "3": 0.0,
        "10": 0.0,
        "16": 0.0,
        "30": 0.004901960784313725,
        "44": 0.0019374416433239959,
        "52": 0.0,
        "57": 0.0,
        "67": 0.0,
        "75": 0.0,
        "80": 0.0,
        "53": 0.0012605042016806721,
        "4": 0.0,
        "49": 0.00042016806722689073,
        "5": 0.0,
        "60": 0.0,
        "15": 0.0,
        "6": 0.0,
        "40": 0.003361344537815126,
        "36": 0.01360877684407096,
        "20": 0.0011204481792717086,
        "8": 0.0,
        "64": 0.00028011204481792715,
        "23": 0.001680672268907563,
        "9": 0.0,
        "46": 0.0,
        "11": 0.0,
        "12": 0.0,
        "59": 0.0,
        "13": 0.0,
        "51": 0.0,
        "14": 0.0,
        "65": 0.00014005602240896358,
        "25": 0.0,
        "17": 0.0,
        "31": 0.0,
        "84": 0.0,
        "19": 0.0,
        "22": 0.0,
        "56": 0.0,
        "81": 0.0,
        "21": 0.0,
        "43": 0.006722689075630252,
        "24": 0.0,
        "54": 0.0,
        "86": 0.0,
        "27": 0.0,
        "41": 0.0,
        "48": 0.0,
        "28": 0.0,
        "55": 0.0014005602240896356,
        "74": 0.0,
        "29": 0.0,
        "61": 0.0,
        "62": 0.0,
        "82": 0.0,
        "83": 0.00014005602240896358,
        "34": 0.0,
        "58": 0.0011904761904761904,
        "77": 0.0,
        "71": 0.0,
        "42": 0.0,
        "68": 0.0,
        "73": 0.0,
        "85": 0.0,
        "39": 0.0,
        "38": 0.0,
        "45": 0.0004901960784313725,
        "69": 0.0,
        "72": 0.0,
        "79": 0.0,
        "47": 0.0,
        "50": 0.0,
        "63": 0.0,
        "78": 0.0,
        "70": 0.0
    },
    "reptilia-tortoise-network-lm": {
        "1": 0.0007047216349541931,
        "2": 0.005461592670894997,
        "3": 0.0,
        "4": 0.0,
        "5": 0.0,
        "6": 0.0,
        "7": 0.0,
        "8": 0.02004052149400987,
        "9": 0.012949260042283297,
        "10": 0.019820295983086683,
        "11": 0.011469344608879493,
        "12": 0.0,
        "13": 0.0010570824524312897,
        "14": 0.001937984496124031,
        "15": 0.0,
        "16": 0.004316420014094433,
        "17": 0.0036733615221987317,
        "18": 0.003144820295983087,
        "19": 0.011733615221987315,
        "20": 0.005787526427061312,
        "21": 0.0,
        "22": 0.0,
        "23": 0.0015856236786469346,
        "24": 0.008985200845665963,
        "25": 0.0,
        "26": 0.0,
        "27": 0.0,
        "28": 0.0005285412262156448,
        "29": 0.0,
        "30": 0.0005285412262156448,
        "31": 0.0,
        "32": 0.0,
        "33": 0.0036116983791402396,
        "34": 0.0,
        "35": 0.0,
        "36": 0.0,
        "37": 0.004228329809725159,
        "38": 0.0,
        "39": 0.0,
        "40": 0.0,
        "41": 0.0,
        "42": 0.0,
        "43": 0.0,
        "44": 0.0,
        "45": 0.0
    },
    "bn-mouse_visual-cortex_1": {
        "1": 0.0013227513227513227,
        "14": 0.0,
        "2": 0.0,
        "17": 0.0,
        "18": 0.0,
        "19": 0.0,
        "20": 0.0,
        "21": 0.0,
        "28": 0.0,
        "3": 0.003968253968253968,
        "16": 0.0,
        "5": 0.0,
        "13": 0.0,
        "15": 0.0,
        "6": 0.0,
        "7": 0.0,
        "22": 0.0,
        "8": 0.0,
        "9": 0.0,
        "0": 0.0,
        "23": 0.0,
        "24": 0.0,
        "25": 0.0,
        "26": 0.0,
        "10": 0.0,
        "27": 0.0,
        "11": 0.0,
        "12": 0.0,
        "4": 0.0
    },
    "road-chesapeake": {
        "7": 0.02880512091038407,
        "1": 0.0,
        "8": 0.030369843527738263,
        "11": 0.0024656235182550974,
        "12": 0.007017543859649122,
        "13": 0.0012565196775723092,
        "22": 0.018936699857752492,
        "23": 0.006134423897581793,
        "34": 0.00035561877667140827,
        "35": 0.009951398767188242,
        "37": 0.0,
        "39": 0.0,
        "2": 0.0,
        "9": 0.0016536273115220486,
        "36": 0.0,
        "14": 0.001609642883881111,
        "3": 0.0,
        "15": 0.002121234808215418,
        "16": 0.0009046442564448105,
        "17": 0.0,
        "18": 0.002476853584886826,
        "4": 0.0,
        "6": 0.014935988620199148,
        "5": 0.0,
        "10": 8.890469416785207e-05,
        "20": 8.890469416785207e-05,
        "21": 0.0007527264106211473,
        "24": 8.890469416785207e-05,
        "38": 0.0,
        "19": 0.006537146564847395,
        "26": 0.0004916273614334557,
        "25": 0.0004916273614334557,
        "27": 0.004440867460258043,
        "28": 0.0003356542137705573,
        "29": 0.0004916273614334557,
        "32": 0.00015597314766289838,
        "33": 0.0,
        "30": 0.0,
        "31": 0.0
    },
    "rt-retweet": {
        "6": 0.0010638297872340426,
        "1": 0.0,
        "8": 0.002015677491601344,
        "54": 0.009667786487495335,
        "76": 0.0,
        "85": 0.0,
        "56": 0.004031354983202688,
        "2": 0.0,
        "75": 0.0,
        "3": 0.0,
        "19": 0.0008958566629339306,
        "4": 0.0,
        "16": 0.0,
        "5": 0.0,
        "17": 0.0,
        "20": 0.0,
        "40": 0.00011198208286674133,
        "93": 0.0,
        "45": 0.0054871220604703255,
        "89": 0.0,
        "61": 0.0029115341545352747,
        "7": 0.0,
        "28": 0.0010451661067562522,
        "38": 0.0,
        "39": 0.000671892497200448,
        "42": 0.0,
        "72": 0.0016610675625233298,
        "9": 0.0,
        "95": 0.0,
        "10": 0.0,
        "11": 0.0,
        "94": 0.0,
        "15": 0.0004479283314669653,
        "12": 0.0,
        "24": 0.0,
        "13": 0.0,
        "41": 0.0004479283314669653,
        "14": 0.0,
        "50": 0.0005599104143337066,
        "21": 0.00022396416573348266,
        "33": 0.0,
        "84": 0.00011198208286674133,
        "18": 0.0,
        "96": 0.0,
        "53": 0.0011198208286674132,
        "22": 0.0,
        "65": 0.00011198208286674133,
        "68": 0.0,
        "51": 0.001343784994400896,
        "23": 0.0,
        "25": 0.0,
        "26": 0.0,
        "27": 0.0,
        "32": 0.0,
        "78": 0.0,
        "29": 0.0,
        "64": 0.0008958566629339306,
        "30": 0.0,
        "31": 0.0,
        "55": 0.0,
        "58": 0.0,
        "34": 0.0,
        "35": 0.0,
        "36": 0.0,
        "37": 0.0,
        "59": 0.0,
        "66": 0.00022396416573348266,
        "81": 0.0,
        "88": 0.0,
        "43": 0.0,
        "74": 0.0,
        "44": 0.0,
        "79": 0.0,
        "83": 0.0,
        "46": 0.0,
        "47": 0.0,
        "73": 0.0,
        "48": 0.0,
        "87": 0.0,
        "70": 0.0,
        "49": 0.0,
        "77": 0.0,
        "52": 0.0,
        "57": 0.0,
        "67": 0.0,
        "92": 0.0,
        "80": 0.0,
        "90": 0.0,
        "60": 0.0,
        "62": 0.0,
        "63": 0.0,
        "91": 0.0,
        "69": 0.0,
        "71": 0.0,
        "82": 0.0,
        "86": 0.0
    }
}