{
    "ca-sandi_auths": {
        "35": 0.047058823529411764,
        "1": 0.023529411764705882,
        "37": 0.023529411764705882,
        "18": 0.047058823529411764,
        "2": 0.07058823529411765,
        "26": 0.047058823529411764,
        "32": 0.047058823529411764,
        "33": 0.11764705882352941,
        "66": 0.07058823529411765,
        "76": 0.047058823529411764,
        "7": 0.023529411764705882,
        "3": 0.11764705882352941,
        "10": 0.023529411764705882,
        "16": 0.023529411764705882,
        "30": 0.1411764705882353,
        "44": 0.058823529411764705,
        "52": 0.011764705882352941,
        "57": 0.011764705882352941,
        "67": 0.023529411764705882,
        "75": 0.011764705882352941,
        "80": 0.023529411764705882,
        "53": 0.08235294117647059,
        "4": 0.011764705882352941,
        "49": 0.047058823529411764,
        "5": 0.023529411764705882,
        "60": 0.03529411764705882,
        "15": 0.023529411764705882,
        "6": 0.023529411764705882,
        "40": 0.09411764705882353,
        "36": 0.12941176470588234,
        "20": 0.07058823529411765,
        "8": 0.023529411764705882,
        "64": 0.03529411764705882,
        "23": 0.03529411764705882,
        "9": 0.011764705882352941,
        "46": 0.023529411764705882,
        "11": 0.023529411764705882,
        "12": 0.011764705882352941,
        "59": 0.047058823529411764,
        "13": 0.011764705882352941,
        "51": 0.011764705882352941,
        "14": 0.023529411764705882,
        "65": 0.023529411764705882,
        "25": 0.011764705882352941,
        "17": 0.03529411764705882,
        "31": 0.023529411764705882,
        "84": 0.047058823529411764,
        "19": 0.011764705882352941,
        "22": 0.023529411764705882,
        "56": 0.011764705882352941,
        "81": 0.023529411764705882,
        "21": 0.011764705882352941,
        "43": 0.07058823529411765,
        "24": 0.023529411764705882,
        "54": 0.023529411764705882,
        "86": 0.023529411764705882,
        "27": 0.03529411764705882,
        "41": 0.03529411764705882,
        "48": 0.03529411764705882,
        "28": 0.03529411764705882,
        "55": 0.047058823529411764,
        "74": 0.03529411764705882,
        "29": 0.011764705882352941,
        "61": 0.023529411764705882,
        "62": 0.011764705882352941,
        "82": 0.023529411764705882,
        "83": 0.03529411764705882,
        "34": 0.011764705882352941,
        "58": 0.058823529411764705,
        "77": 0.03529411764705882,
        "71": 0.011764705882352941,
        "42": 0.011764705882352941,
        "68": 0.011764705882352941,
        "73": 0.023529411764705882,
        "85": 0.011764705882352941,
        "39": 0.023529411764705882,
        "38": 0.023529411764705882,
        "45": 0.03529411764705882,
        "69": 0.023529411764705882,
        "72": 0.03529411764705882,
        "79": 0.03529411764705882,
        "47": 0.011764705882352941,
        "50": 0.011764705882352941,
        "63": 0.011764705882352941,
        "78": 0.011764705882352941,
        "70": 0.011764705882352941
    },
    "reptilia-tortoise-network-lm": {
        "1": 0.045454545454545456,
        "2": 0.045454545454545456,
        "3": 0.06818181818181818,
        "4": 0.06818181818181818,
        "5": 0.06818181818181818,
        "6": 0.06818181818181818,
        "7": 0.06818181818181818,
        "8": 0.2272727272727273,
        "9": 0.2727272727272727,
        "10": 0.2727272727272727,
        "11": 0.25,
        "12": 0.09090909090909091,
        "13": 0.11363636363636365,
        "14": 0.20454545454545456,
        "15": 0.09090909090909091,
        "16": 0.2272727272727273,
        "17": 0.1590909090909091,
        "18": 0.1590909090909091,
        "19": 0.25,
        "20": 0.18181818181818182,
        "21": 0.06818181818181818,
        "22": 0.1590909090909091,
        "23": 0.045454545454545456,
        "24": 0.2727272727272727,
        "25": 0.25,
        "26": 0.045454545454545456,
        "27": 0.06818181818181818,
        "28": 0.045454545454545456,
        "29": 0.06818181818181818,
        "30": 0.045454545454545456,
        "31": 0.022727272727272728,
        "32": 0.06818181818181818,
        "33": 0.1590909090909091,
        "34": 0.09090909090909091,
        "35": 0.045454545454545456,
        "36": 0.022727272727272728,
        "37": 0.06818181818181818,
        "38": 0.045454545454545456,
        "39": 0.06818181818181818,
        "40": 0.022727272727272728,
        "41": 0.022727272727272728,
        "42": 0.06818181818181818,
        "43": 0.022727272727272728,
        "44": 0.045454545454545456,
        "45": 0.045454545454545456
    },
    "bn-mouse_visual-cortex_1": {
        "1": 0.10714285714285714,
        "14": 0.07142857142857142,
        "2": 0.21428571428571427,
        "17": 0.07142857142857142,
        "18": 0.07142857142857142,
        "19": 0.07142857142857142,
        "20": 0.07142857142857142,
        "21": 0.07142857142857142,
        "28": 0.14285714285714285,
        "3": 0.14285714285714285,
        "16": 0.10714285714285714,
        "5": 0.17857142857142855,
        "13": 0.07142857142857142,
        "15": 0.07142857142857142,
        "6": 0.03571428571428571,
        "7": 0.14285714285714285,
        "22": 0.14285714285714285,
        "8": 0.03571428571428571,
        "9": 0.3214285714285714,
        "0": 0.10714285714285714,
        "23": 0.07142857142857142,
        "24": 0.07142857142857142,
        "25": 0.07142857142857142,
        "26": 0.07142857142857142,
        "10": 0.21428571428571427,
        "27": 0.07142857142857142,
        "11": 0.10714285714285714,
        "12": 0.17857142857142855,
        "4": 0.03571428571428571
    },
    "road-chesapeake": {
        "7": 0.2631578947368421,
        "1": 0.2894736842105263,
        "8": 0.3421052631578947,
        "11": 0.18421052631578946,
        "12": 0.23684210526315788,
        "13": 0.18421052631578946,
        "22": 0.3421052631578947,
        "23": 0.2631578947368421,
        "34": 0.07894736842105263,
        "35": 0.39473684210526316,
        "37": 0.10526315789473684,
        "39": 0.8684210526315789,
        "2": 0.2894736842105263,
        "9": 0.18421052631578946,
        "36": 0.763157894736842,
        "14": 0.21052631578947367,
        "3": 0.18421052631578946,
        "15": 0.23684210526315788,
        "16": 0.13157894736842105,
        "17": 0.10526315789473684,
        "18": 0.23684210526315788,
        "4": 0.10526315789473684,
        "6": 0.10526315789473684,
        "5": 0.10526315789473684,
        "10": 0.13157894736842105,
        "20": 0.10526315789473684,
        "21": 0.13157894736842105,
        "24": 0.10526315789473684,
        "38": 0.47368421052631576,
        "19": 0.23684210526315788,
        "26": 0.18421052631578946,
        "25": 0.15789473684210525,
        "27": 0.23684210526315788,
        "28": 0.15789473684210525,
        "29": 0.15789473684210525,
        "32": 0.18421052631578946,
        "33": 0.18421052631578946,
        "30": 0.15789473684210525,
        "31": 0.13157894736842105
    },
    "rt-retweet": {
        "6": 0.05263157894736842,
        "1": 0.05263157894736842,
        "8": 0.08421052631578947,
        "54": 0.17894736842105263,
        "76": 0.010526315789473684,
        "85": 0.010526315789473684,
        "56": 0.08421052631578947,
        "2": 0.010526315789473684,
        "75": 0.042105263157894736,
        "3": 0.010526315789473684,
        "19": 0.021052631578947368,
        "4": 0.010526315789473684,
        "16": 0.010526315789473684,
        "5": 0.05263157894736842,
        "17": 0.010526315789473684,
        "20": 0.010526315789473684,
        "40": 0.031578947368421054,
        "93": 0.08421052631578947,
        "45": 0.11578947368421053,
        "89": 0.09473684210526316,
        "61": 0.042105263157894736,
        "7": 0.010526315789473684,
        "28": 0.05263157894736842,
        "38": 0.021052631578947368,
        "39": 0.021052631578947368,