{
    "ca-sandi_auths": {
        "35": 7.241234302828827e-05,
        "1": 0.009111888998493202,
        "37": 3.4725737510077855e-17,
        "18": 2.5206183220200324e-09,
        "2": 0.9997066975926328,
        "26": 0.009184308843625281,
        "32": 9.96291826885388e-12,
        "33": 7.241237283818097e-05,
        "66": 2.628738329512899e-14,
        "76": 3.4725737510077855e-17,
        "7": 7.241234297578297e-05,
        "3": 0.009256247260909567,
        "10": 2.628738329512899e-14,
        "16": 9.503227118674563e-07,
        "30": 5.031378736401442e-09,
        "44": 5.254004085274772e-14,
        "52": 3.4725737510077855e-17,
        "57": 3.4725737510077855e-17,
        "67": 3.4725737510077855e-17,
        "75": 3.4725737510077855e-17,
        "80": 3.4725737510077855e-17,
        "53": 9.989170926411486e-12,
        "4": 2.5205658167049112e-09,
        "49": 5.254004085274772e-14,
        "5": 1.9873296496854944e-11,
        "60": 3.4725737510077855e-17,
        "15": 4.7639686289651153e-07,
        "6": 7.241232318127885e-05,
        "40": 2.5206183220200316e-09,
        "36": 4.789175336891231e-07,
        "20": 7.24123331704151e-05,
        "8": 0.009111886537415924,
        "64": 2.628738329512899e-14,
        "23": 7.289124055741764e-05,
        "9": 0.009184296290427007,
        "46": 2.5205658167049112e-09,
        "11": 4.788976079220347e-07,
        "12": 0.009111896500623272,
        "59": 3.4725737510077855e-17,
        "13": 2.628738329512899e-14,
        "51": 3.4725737510077855e-17,
        "14": 9.96291826885388e-12,
        "65": 2.628738329512899e-14,
        "25": 3.4725737510077855e-17,
        "17": 2.510707943792029e-09,
        "31": 9.936665611296257e-12,
        "84": 3.4725737510077855e-17,
        "19": 2.628738329512899e-14,
        "22": 4.7639686289651153e-07,
        "56": 3.4725737510077855e-17,
        "81": 3.4725737510077855e-17,
        "21": 4.7639686289651153e-07,
        "43": 2.5305549529055853e-09,
        "24": 0.009111896500649527,
        "54": 3.4725737510077855e-17,
        "86": 3.4725737510077855e-17,
        "27": 9.503326747510002e-07,
        "41": 2.628738329512899e-14,
        "48": 3.4725737510077855e-17,
        "28": 9.528333935238655e-07,
        "55": 9.96291826885388e-12,
        "74": 3.4725737510077855e-17,
        "29": 2.628738329512899e-14,
        "61": 3.4725737510077855e-17,
        "62": 3.4725737510077855e-17,
        "82": 9.936665611296257e-12,
        "83": 2.628738329512899e-14,
        "34": 3.4725737510077855e-17,
        "58": 2.628738329512899e-14,
        "77": 3.4725737510077855e-17,
        "71": 3.4725737510077855e-17,
        "42": 3.4725737510077855e-17,
        "68": 3.4725737510077855e-17,
        "73": 3.4725737510077855e-17,
        "85": 3.4725737510077855e-17,
        "39": 2.628738329512899e-14,
        "38": 9.96291826885388e-12,
        "45": 9.96291826885388e-12,
        "69": 3.4725737510077855e-17,
        "72": 2.628738329512899e-14,
        "79": 3.4725737510077855e-17,
        "47": 1.984704383929734e-11,
        "50": 2.628738329512899e-14,
        "63": 2.628738329512899e-14,
        "78": 3.4725737510077855e-17,
        "70": 2.628738329512899e-14
    },
    "reptilia-tortoise-network-lm": {
        "1": 2.5943125782280243e-21,
        "2": 7.666237491511416e-19,
        "3": 2.5943125782280243e-21,
        "4": 7.692136794446093e-19,
        "5": 1.5230430853003269e-16,
        "6": 4.382284760520311e-24,
        "7": 0.7005726172531864,
        "8": 5.3114550815534665e-12,
        "9": 0.00021914592027424718,
        "10": 0.013104032205606575,
        "11": 5.267565250058585e-10,
        "12": 4.382284760520311e-24,
        "13": 2.5943125782280243e-21,
        "14": 5.214452222389738e-10,
        "15": 4.382284760520311e-24,
        "16": 2.5943125782280243e-21,
        "17": 7.692136794446093e-19,
        "18": 1.5230171859973922e-16,
        "19": 1.5154545895404666e-16,
        "20": 4.4857451967693504e-14,
        "21": 7.666237491511416e-19,
        "22": 0.7134607180738284,
        "23": 1.5153509923287287e-16,
        "24": 3.3031858779671904e-06,
        "25": 0.00021914539621883602,
        "26": 4.382284760520311e-24,
        "27": 4.382284760520311e-24,
        "28": 2.5943125782280243e-21,
        "29": 4.382284760520311e-24,
        "30": 2.5943125782280243e-21,
        "31": 4.382284760520311e-24,
        "32": 4.382284760520311e-24,
        "33": 4.432661187418147e-08,
        "34": 4.382284760520311e-24,
        "35": 4.382284760520311e-24,
        "36": 4.382284760520311e-24,
        "37": 2.235143167470463e-14,
        "38": 4.382284760520311e-24,
        "39": 7.692136794446093e-19,
        "40": 4.382284760520311e-24,
        "41": 4.382284760520311e-24,
        "42": 4.382284760520311e-24,
        "43": 4.382284760520311e-24,
        "44": 7.692136794446093e-19,
        "45": 4.382284760520311e-24
    },
    "bn-mouse_visual-cortex_1": {
        "1": 0.0015093383019313936,
        "14": 0.7550470512601831,
        "2": 7.542920049632151e-07,
        "17": 0.37827819478105756,
        "18": 0.37827819478105756,
        "19": 0.0015093383019313936,
        "20": 0.0015093383019313936,
        "21": 0.0015093383019313936,
        "28": 0.0030179223118578465,
        "3": 0.0007550462969681777,
        "16": 0.3790324867860209,
        "5": 7.542920049632151e-07,
        "13": 0.0015093383019313936,
        "15": 0.0015093383019313936,
        "6": 7.542920049632151e-07,
        "7": 7.542920049632151e-07,
        "22": 0.0030179223118578465,
        "8": 7.542920049632151e-07,
        "9": 7.542920049632151e-07,
        "0": 0.0022636303068946212,
        "23": 0.0015093383019313936,
        "24": 0.0015093383019313936,
        "25": 0.0015093383019313936,
        "26": 0.0015093383019313936,
        "10": 7.542920049632151e-07,
        "27": 0.0015093383019313936,
        "11": 7.542920049632151e-07,
        "12": 7.542920049632151e-07,
        "4": 0.0007550462969681777
    },
    "road-chesapeake": {
        "7": 7.571624469314349e-05,
        "1": 0.009480512305996624,
        "8": 5.046205111001182e-07,
        "11": 1.0006421123333957e-09,
        "12": 1.0046625268667526e-09,
        "13": 2.6898836186302387e-12,
        "22": 2.0146687973642486e-09,
        "23": 1.474032449268247e-11,
        "34": 3.605748603969521e-15,
        "35": 7.206657276926982e-15,
        "37": 4.839931012039615e-18,
        "39": 4.839931012039615e-18,
        "2": 0.009480636550603196,
        "9": 6.684372819524723e-10,
        "36": 4.839931012039615e-18,
        "14": 1.0140302907794497e-09,
        "3": 1.3083700213404499e-06,
        "15": 2.0119861204028935e-09,
        "16": 1.995918865904156e-09,
        "17": 7.206657276926982e-15,
        "18": 2.0119861204028935e-09,
        "4": 2.689883618630238e-12,
        "6": 0.009404541608452692,
        "5": 0.9998658841460839,
        "10": 2.686282709957283e-12,
        "20": 1.0807565949884457e-14,
        "21": 4.027621190633957e-12,
        "24": 1.0807565949884457e-14,
        "38": 4.839931012039615e-18,
        "19": 4.027621190633957e-12,
        "26": 1.0807565949884457e-14,
        "25": 1.0807565949884457e-14,
        "27": 4.027621190633957e-12,
        "28": 1.0807565949884457e-14,
        "29": 1.0807565949884457e-14,
        "32": 1.0807565949884457e-14,
        "33": 1.0807565949884457e-14,
        "30": 1.0807565949884457e-14,
        "31": 4.027621190633957e-12
    },
    "rt-retweet": {
        "6": 0.023942014290547493,
        "1": 0.9997129751620748,
        "8": 0.0005016130165166656,
        "54": 1.200131015215485e-07,
        "76": 2.982408482275089e-14,
        "85": 2.982408482275089e-14,
        "56": 1.2583676109263281e-09,
        "2": 1.2121131395338753e-07,
        "75": 2.982408482275089e-14,
        "3": 8.619160513775003e-12,
        "19": 8.613411653008646e-06,
        "4": 0.0004928759027017877,
        "16": 2.982408482275089e-14,