{
    "ca-sandi_auths": 817.7409603595734,
    "reptilia-tortoise-network-lm": 1614.1442775726318,
    "bn-mouse_visual-cortex_1": 0.44628357887268066,
    "road-chesapeake": 17560.795307652936302,
    "rt-retweet": 13916.38764382746283,
}
