{
    "ca-sandi_auths": 856.629058599472,
    "reptilia-tortoise-network-lm": 1614.1442775726318,
    "bn-mouse_visual-cortex_1": 0.3463730812072754,
    "road-chesapeake": 1,
    "rt-retweet": 1
}