{
    "ca-sandi_auths": 0.2460329532623291,
    "reptilia-tortoise-network-lm": 1.1568102836608887,
    "bn-mouse_visual-cortex_1": 0.0065228939056396484,
    "road-chesapeake": 0.46460986137390137,
    "rt-retweet": 0.26991796493530273
}